,label,size,img_dimensions
count,2015.0,2015.0,2015.0
mean,0.575682382133995,790151.1483870968,2.978163771712159
std,0.49436167338648784,2705831.0409951,0.14618485861215347
min,0.0,32120.0,2.0
25%,0.0,303600.0,3.0
50%,1.0,319200.0,3.0
75%,1.0,375600.0,3.0
max,1.0,46305486.0,3.0
